res_name,binding_site,probability
1loo_A_ALA_27,0,0.27
1loo_A_ALA_28,0,0.3
1loo_A_THR_29,1,0.58
1loo_A_GLY_30,0,0.37
1loo_A_SER_31,1,0.52
1loo_A_ARG_32,0,0.28
1loo_A_VAL_33,0,0.15
1loo_A_THR_34,0,0.25
1loo_A_VAL_35,0,0.09
1loo_A_VAL_36,0,0.12
1loo_A_LEU_37,0,0.27
1loo_A_GLY_38,0,0.36
1loo_A_ALA_39,0,0.46
1loo_A_GLN_40,1,0.56
1loo_A_TRP_41,1,0.51
1loo_A_GLY_42,1,0.82
1loo_A_ASP_43,0,0.42
1loo_A_GLU_44,1,0.65
1loo_A_GLY_45,1,0.87
1loo_A_LYS_46,1,0.82
1loo_A_GLY_47,1,0.89
1loo_A_LYS_48,1,0.56
1loo_A_VAL_49,0,0.05
1loo_A_VAL_50,0,0.38
1loo_A_ASP_51,0,0.3
1loo_A_LEU_52,0,0.26
1loo_A_LEU_53,0,0.32
1loo_A_ALA_54,0,0.28
1loo_A_THR_55,0,0.43
1loo_A_ASP_56,0,0.3
1loo_A_ALA_57,0,0.37
1loo_A_ASP_58,0,0.44
1loo_A_ILE_59,0,0.15
1loo_A_VAL_60,0,0.03
1loo_A_SER_61,0,0.15
1loo_A_ARG_62,1,0.54
1loo_A_CYS_63,1,0.69
1loo_A_GLN_64,1,0.55
1loo_A_GLY_65,0,0.44
1loo_A_GLY_66,1,0.55
1loo_A_ASN_67,1,0.53
1loo_A_ASN_68,0,0.49
1loo_A_ALA_69,0,0.33
1loo_A_GLY_70,1,0.53
1loo_A_HIS_71,1,0.63
1loo_A_THR_72,0,0.34
1loo_A_VAL_73,0,0.49
1loo_A_VAL_74,0,0.41
1loo_A_VAL_75,1,0.54
1loo_A_ASP_76,0,0.16
1loo_A_GLY_77,0,0.23
1loo_A_LYS_78,0,0.29
1loo_A_GLU_79,0,0.27
1loo_A_TYR_80,0,0.5
1loo_A_ASP_81,1,0.64
1loo_A_PHE_82,0,0.42
1loo_A_HIS_83,1,0.61
1loo_A_LEU_84,1,0.66
1loo_A_LEU_85,0,0.36
1loo_A_PRO_86,0,0.13
1loo_A_SER_87,1,0.63
1loo_A_GLY_88,1,0.72
1loo_A_ILE_89,0,0.11
1loo_A_ILE_90,0,0.444
1loo_A_ASN_91,0,0.47
1loo_A_THR_92,0,0.31
1loo_A_LYS_93,0,0.34
1loo_A_ALA_94,0,0.37
1loo_A_VAL_95,0,0.27
1loo_A_SER_96,0,0.08
1loo_A_PHE_97,0,0.23
1loo_A_ILE_98,0,0.44
1loo_A_GLY_99,0,0.37
1loo_A_ASN_100,1,0.67
1loo_A_GLY_101,0,0.44
1loo_A_VAL_102,0,0.26
1loo_A_VAL_103,0,0.39
1loo_A_ILE_104,0,0.31
1loo_A_HIS_105,1,0.71
1loo_A_LEU_106,0,0.34
1loo_A_PRO_107,0,0.34
1loo_A_GLY_108,1,0.55
1loo_A_LEU_109,0,0.36
1loo_A_PHE_110,0,0.27
1loo_A_GLU_111,0,0.29
1loo_A_GLU_112,0,0.42
1loo_A_ALA_113,0,0.04
1loo_A_GLU_114,0,0.05
1loo_A_LYS_115,0,0.17
1loo_A_ASN_116,0,0.1
1loo_A_GLU_117,0,0.02
1loo_A_LYS_118,0,0.06
1loo_A_LYS_119,0,0.32
1loo_A_GLY_120,0,0.15
1loo_A_LEU_121,0,0.22
1loo_A_LYS_122,0,0.3
1loo_A_ASP_123,1,0.51
1loo_A_TRP_124,1,0.63
1loo_A_GLU_125,0,0.43
1loo_A_LYS_126,0,0.35
1loo_A_ARG_127,0,0.44
1loo_A_LEU_128,0,0.18
1loo_A_ILE_129,0,0.45
1loo_A_ILE_130,0,0.12
1loo_A_SER_131,0,0.31
1loo_A_ASP_132,1,0.52
1loo_A_ARG_133,1,0.71
1loo_A_ALA_134,0,0.2
1loo_A_HIS_135,1,0.64
1loo_A_LEU_136,0,0.12
1loo_A_VAL_137,1,0.67
1loo_A_PHE_138,1,0.53
1loo_A_ASP_139,1,0.52
1loo_A_PHE_140,0,0.22
1loo_A_HIS_141,0,0.48
1loo_A_GLN_142,0,0.39
1loo_A_ALA_143,0,0.26
1loo_A_VAL_144,0,0.32
1loo_A_ASP_145,0,0.46
1loo_A_GLY_146,0,0.39
1loo_A_LEU_147,0,0.39
1loo_A_GLN_148,0,0.21
1loo_A_GLU_149,0,0.47
1loo_A_VAL_150,0,0.39
1loo_A_GLN_151,0,0.32
1loo_A_ARG_152,0,0.24
1loo_A_GLN_153,0,0.47
1loo_A_ALA_154,0,0.38
1loo_A_GLN_155,0,0.41
1loo_A_GLU_156,0,0.41
1loo_A_GLY_157,0,0.45
1loo_A_LYS_158,0,0.33
1loo_A_ASN_159,1,0.55
1loo_A_ILE_160,1,0.55
1loo_A_GLY_161,1,0.63
1loo_A_THR_162,0,0.45
1loo_A_THR_163,1,0.64
1loo_A_LYS_164,0,0.31
1loo_A_LYS_165,1,0.57
1loo_A_GLY_166,0,0.39
1loo_A_ILE_167,1,0.81
1loo_A_GLY_168,1,0.84
1loo_A_PRO_169,0,0.46
1loo_A_THR_170,0,0.16
1loo_A_TYR_171,1,0.76
1loo_A_SER_172,0,0.2
1loo_A_SER_173,0,0.46
1loo_A_LYS_174,0,0.48
1loo_A_ALA_175,0,0.18
1loo_A_ALA_176,0,0.27
1loo_A_ARG_177,1,0.57
1loo_A_THR_178,0,0.48
1loo_A_GLY_179,1,0.53
1loo_A_LEU_180,0,0.29
1loo_A_ARG_181,1,0.58
1loo_A_ILE_182,0,0.13
1loo_A_CYS_183,1,0.52
1loo_A_ASP_184,0,0.42
1loo_A_LEU_185,0,0.1
1loo_A_LEU_186,0,0.28
1loo_A_SER_187,0,0.33
1loo_A_ASP_188,0,0.3666666666666667
1loo_A_PHE_189,1,0.58
1loo_A_ASP_190,0,0.18
1loo_A_GLU_191,0,0.17
1loo_A_PHE_192,0,0.2
1loo_A_SER_193,0,0.43
1loo_A_ALA_194,0,0.18
1loo_A_ARG_195,0,0.15
1loo_A_PHE_196,0,0.04
1loo_A_LYS_197,0,0.43
1loo_A_ASN_198,0,0.26
1loo_A_LEU_199,0,0.26
1loo_A_ALA_200,0,0.07
1loo_A_HIS_201,0,0.46
1loo_A_GLN_202,0,0.21
1loo_A_HIS_203,1,0.76
1loo_A_GLN_204,0,0.24
1loo_A_SER_205,0,0.36
1loo_A_MET_206,0,0.37
1loo_A_PHE_207,1,0.6
1loo_A_PRO_208,0,0.17
1loo_A_THR_209,0,0.27
1loo_A_LEU_210,0,0.27
1loo_A_GLU_211,0,0.245
1loo_A_ILE_212,0,0.49
1loo_A_ASP_213,0,0.192
1loo_A_VAL_214,0,0.47
1loo_A_GLU_215,0,0.19
1loo_A_GLY_216,1,0.53
1loo_A_GLN_217,1,0.51
1loo_A_LEU_218,0,0.28
1loo_A_LYS_219,0,0.44
1loo_A_ARG_220,0,0.2
1loo_A_LEU_221,1,0.64
1loo_A_LYS_222,0,0.43
1loo_A_GLY_223,0,0.42
1loo_A_PHE_224,1,0.63
1loo_A_ALA_225,0,0.14
1loo_A_GLU_226,0,0.17
1loo_A_ARG_227,0,0.22
1loo_A_ILE_228,0,0.07
1loo_A_ARG_229,0,0.5
1loo_A_PRO_230,0,0.24
1loo_A_MET_231,0,0.31
1loo_A_VAL_232,0,0.31
1loo_A_ARG_233,0,0.49
1loo_A_ASP_234,1,0.54
1loo_A_GLY_235,0,0.14
1loo_A_VAL_236,1,0.56
1loo_A_TYR_237,0,0.5
1loo_A_PHE_238,0,0.42
1loo_A_MET_239,0,0.06
1loo_A_TYR_240,0,0.37
1loo_A_GLU_241,0,0.37
1loo_A_ALA_242,0,0.25
1loo_A_LEU_243,0,0.1
1loo_A_HIS_244,0,0.47
1loo_A_GLY_245,1,0.56
1loo_A_PRO_246,0,0.27
1loo_A_PRO_247,0,0.33
1loo_A_LYS_248,0,0.4
1loo_A_LYS_249,0,0.22
1loo_A_VAL_250,0,0.27
1loo_A_LEU_251,0,0.4
1loo_A_VAL_252,0,0.06
1loo_A_GLU_253,1,0.6
1loo_A_GLY_254,1,0.75
1loo_A_ALA_255,1,0.67
1loo_A_ASN_256,1,0.64
1loo_A_ALA_257,0,0.24
1loo_A_ALA_258,0,0.39
1loo_A_LEU_259,0,0.1
1loo_A_LEU_260,1,0.54
1loo_A_ASP_261,0,0.28
1loo_A_ILE_262,0,0.47
1loo_A_ASP_263,0,0.42
1loo_A_PHE_264,1,0.61
1loo_A_GLY_265,1,0.53
1loo_A_THR_266,1,0.51
1loo_A_TYR_267,1,0.58
1loo_A_PRO_268,0,0.34
1loo_A_PHE_269,1,0.53
1loo_A_VAL_270,0,0.42
1loo_A_THR_271,1,0.69
1loo_A_SER_272,0,0.44
1loo_A_SER_273,1,0.58
1loo_A_ASN_274,1,0.6
1loo_A_CYS_275,1,0.67
1loo_A_THR_276,1,0.6
1loo_A_VAL_277,1,0.84
1loo_A_GLY_278,1,0.71
1loo_A_GLY_279,0,0.18
1loo_A_VAL_280,0,0.04
1loo_A_CYS_281,0,0.49
1loo_A_THR_282,0,0.24
1loo_A_GLY_283,0,0.24
1loo_A_LEU_284,0,0.19
1loo_A_GLY_285,0,0.24
1loo_A_ILE_286,0,0.24
1loo_A_PRO_287,0,0.23
1loo_A_PRO_288,0,0.16
1loo_A_GLN_289,1,0.51
1loo_A_ASN_290,0,0.37
1loo_A_ILE_291,0,0.32
1loo_A_GLY_292,1,0.67
1loo_A_ASP_293,0,0.32
1loo_A_VAL_294,1,0.55
1loo_A_TYR_295,0,0.4
1loo_A_GLY_296,0,0.07
1loo_A_VAL_297,0,0.12
1loo_A_VAL_298,0,0.08
1loo_A_LYS_299,0,0.36
1loo_A_ALA_300,0,0.31
1loo_A_TYR_301,0,0.43
1loo_A_THR_302,0,0.19
1loo_A_THR_303,0,0.46
1loo_A_ARG_304,1,0.68
1loo_A_VAL_305,0,0.41
1loo_A_GLY_306,1,0.52
1loo_A_ILE_307,1,0.62
1loo_A_GLY_308,1,0.56
1loo_A_ALA_309,0,0.29
1loo_A_PHE_310,1,0.72
1loo_A_PRO_311,0,0.38
1loo_A_THR_312,0,0.29
1loo_A_GLU_313,1,0.63
1loo_A_GLN_314,1,0.56
1loo_A_ILE_315,0,0.47
1loo_A_ASN_316,0,0.45
1loo_A_GLU_317,0,0.06
1loo_A_ILE_318,1,0.54
1loo_A_GLY_319,1,0.51
1loo_A_ASP_320,0,0.23
1loo_A_LEU_321,0,0.24
1loo_A_LEU_322,0,0.29
1loo_A_GLN_323,0,0.43
1loo_A_ASN_324,0,0.24
1loo_A_ARG_325,0,0.19
1loo_A_GLY_326,0,0.35
1loo_A_HIS_327,0,0.49
1loo_A_GLU_328,0,0.39
1loo_A_TRP_329,1,0.7
1loo_A_GLY_330,1,0.66
1loo_A_VAL_331,0,0.46
1loo_A_THR_332,1,0.51
1loo_A_THR_333,1,0.53
1loo_A_GLY_334,0,0.34
1loo_A_ARG_335,1,0.51
1loo_A_LYS_336,1,0.57
1loo_A_ARG_337,1,0.73
1loo_A_ARG_338,1,0.69
1loo_A_CYS_339,1,0.64
1loo_A_GLY_340,0,0.25
1loo_A_TRP_341,1,0.69
1loo_A_LEU_342,0,0.14
1loo_A_ASP_343,0,0.32
1loo_A_LEU_344,0,0.12
1loo_A_MET_345,1,0.87
1loo_A_ILE_346,0,0.16
1loo_A_LEU_347,0,0.0
1loo_A_ARG_348,0,0.44
1loo_A_TYR_349,0,0.46
1loo_A_ALA_350,0,0.06
1loo_A_HIS_351,1,0.61
1loo_A_MET_352,0,0.42
1loo_A_VAL_353,0,0.32
1loo_A_ASN_354,0,0.27
1loo_A_GLY_355,0,0.32
1loo_A_PHE_356,0,0.49
1loo_A_THR_357,0,0.43
1loo_A_ALA_358,0,0.43
1loo_A_LEU_359,0,0.06
1loo_A_ALA_360,0,0.2
1loo_A_LEU_361,0,0.07
1loo_A_THR_362,1,0.58
1loo_A_LYS_363,1,0.64
1loo_A_LEU_364,0,0.13
1loo_A_ASP_365,1,0.67
1loo_A_ILE_366,0,0.45
1loo_A_LEU_367,0,0.14
1loo_A_ASP_368,0,0.5
1loo_A_VAL_369,0,0.29
1loo_A_LEU_370,0,0.46
1loo_A_SER_371,0,0.42
1loo_A_GLU_372,0,0.38
1loo_A_ILE_373,0,0.08
1loo_A_LYS_374,0,0.29
1loo_A_VAL_375,0,0.11
1loo_A_GLY_376,0,0.3
1loo_A_ILE_377,1,0.51
1loo_A_SER_378,1,0.63
1loo_A_TYR_379,0,0.17
1loo_A_LYS_380,0,0.36
1loo_A_LEU_381,1,0.6
1loo_A_ASN_382,0,0.3
1loo_A_GLY_383,0,0.27
1loo_A_LYS_384,0,0.27
1loo_A_ARG_385,0,0.48
1loo_A_ILE_386,0,0.44
1loo_A_PRO_387,1,0.53
1loo_A_TYR_388,1,0.73
1loo_A_PHE_389,1,0.65
1loo_A_PRO_390,0,0.38
1loo_A_ALA_391,1,0.53
1loo_A_ASN_392,1,0.51
1loo_A_GLN_393,1,0.64
1loo_A_GLU_394,0,0.06
1loo_A_ILE_395,0,0.46
1loo_A_LEU_396,0,0.18
1loo_A_GLN_397,0,0.17
1loo_A_LYS_398,0,0.12
1loo_A_VAL_399,0,0.39
1loo_A_GLU_400,0,0.14
1loo_A_VAL_401,1,0.52
1loo_A_GLU_402,0,0.45
1loo_A_TYR_403,1,0.64
1loo_A_GLU_404,0,0.34
1loo_A_THR_405,0,0.29
1loo_A_LEU_406,0,0.48
1loo_A_PRO_407,0,0.3
1loo_A_GLY_408,0,0.5
1loo_A_TRP_409,1,0.75
1loo_A_LYS_410,0,0.26
1loo_A_ALA_411,0,0.38
1loo_A_ASP_412,0,0.3
1loo_A_THR_413,1,0.58
1loo_A_THR_414,0,0.48
1loo_A_GLY_415,0,0.46
1loo_A_ALA_416,0,0.48
1loo_A_ARG_417,1,0.6
1loo_A_LYS_418,1,0.57
1loo_A_TRP_419,1,0.6
1loo_A_GLU_420,0,0.25
1loo_A_ASP_421,0,0.24
1loo_A_LEU_422,0,0.25
1loo_A_PRO_423,0,0.49
1loo_A_PRO_424,0,0.22
1loo_A_GLN_425,0,0.47
1loo_A_ALA_426,0,0.06
1loo_A_GLN_427,0,0.41
1loo_A_SER_428,0,0.35
1loo_A_TYR_429,0,0.27
1loo_A_VAL_430,0,0.0
1loo_A_ARG_431,0,0.47
1loo_A_PHE_432,0,0.47
1loo_A_VAL_433,0,0.02
1loo_A_GLU_434,0,0.42
1loo_A_ASN_435,0,0.17
1loo_A_HIS_436,0,0.32
1loo_A_MET_437,0,0.26
1loo_A_GLY_438,0,0.29
1loo_A_VAL_439,0,0.3
1loo_A_ALA_440,0,0.34
1loo_A_VAL_441,0,0.2
1loo_A_LYS_442,1,0.51
1loo_A_TRP_443,1,0.56
1loo_A_VAL_444,0,0.06
1loo_A_GLY_445,1,0.55
1loo_A_VAL_446,0,0.2
1loo_A_GLY_447,0,0.47
1loo_A_LYS_448,0,0.3
1loo_A_SER_449,1,0.57
1loo_A_ARG_450,0,0.5
1loo_A_GLU_451,0,0.13
1loo_A_SER_452,0,0.38
1loo_A_MET_453,0,0.4
1loo_A_ILE_454,0,0.17
1loo_A_GLN_455,0,0.3
1loo_A_LEU_456,0,0.24
1loo_A_PHE_457,0,0.37
